MSW kg/per capita/day 2020,Population 2020,GDP per capita (PPP international USD),Urbanization rate (%),Human Development Index
0.018650872981220114,0.8518506841354806,0.034578390472838574,0.08957450332364437,0.08382094030994217
